,Type,Optimal distribution,Parameters,Exponential rate
0,MED,lognormal,"(4.215142267753415, 0.5881308592194329)",79.53529411764706
1,EMERGENCY,lognormal,"(4.3157300281675814, 0.7001281123165264)",93.42081736909323
2,GYN,lognormal,"(4.179661228265515, 0.6786692605986325)",80.9870855148342
3,GASTRO,lognormal,"(4.741054124522895, 0.6155749303274071)",135.8139140271493
4,ORTH,lognormal,"(4.859161943473932, 0.4992275584875934)",143.19866666666667
5,CARD,lognormal,"(4.458087578756402, 0.5605004852822942)",99.96148148148148
6,URO,lognormal,"(4.163995770960603, 0.4736972683107487)",72.10463917525773
